,continent
0,North America
1,Asia
2,Africa
3,North America
4,Europe
5,Europe
6,North America
7,Asia
8,South America
9,Asia
10,Oceania
11,Antarctica
12,Antarctica
13,North America
14,Oceania
15,Europe
16,Asia
17,Africa
18,Europe
19,Africa
20,Africa
21,Asia
22,Europe
23,Asia
24,North America
25,Europe
26,Europe
27,North America
28,North America
29,South America
30,South America
31,North America
32,Asia
33,Asia
34,Antarctica
35,Africa
36,Africa
37,North America
38,Oceania
39,Europe
40,South America
41,Asia
42,Africa
43,Africa
44,Africa
45,Africa
46,Oceania
47,South America
48,Africa
49,Africa
50,North America
51,North America
52,Oceania
53,North America
54,Asia
55,Europe
56,Europe
57,Africa
58,North America
59,Europe
60,North America
61,Africa
62,South America
63,Africa
64,Africa
65,Africa
66,Europe
67,Europe
68,Africa
69,Europe
70,Oceania
71,South America
72,Europe
73,Europe
74,Oceania
75,Africa
76,Europe
77,Asia
78,Africa
79,Europe
80,Africa
81,North America
82,Africa
83,Africa
84,Africa
85,Europe
86,North America
87,North America
88,North America
89,South America
90,Oceania
91,South America
92,Asia
93,Antarctica
94,North America
95,Europe
96,North America
97,Europe
98,Asia
